rank,MeanBC,proportionBC,IncreaseBC,fo_diffs
1,0.0116188972972187,0.00997304450226093,0,